subcatchment_id,outlet,area_ha,width_m,slope_pct,rain_gage
S1,J_AUTO_473340p667_5369264p343,3.522051044983703,187.67128296528756,1.0,RG1
